     39     20     38      0     38      0    603    601  71958  71989  73192
  73193  73194  65549  65550  65551  65552      0      0      0   6446
      0      0      0      0      0      0      0      0      0      0
      0  32808  40962  32808  40964  32809  40966 130048  65574     38
     42  34355  41618  34356  42005  34357  90725  66151  90738  66163
 158328 153856 199657 191744 138409 215597 154921 143396 154479   2154
   2597 207013 208128  70863  66703  70785  34357  90725  66151  90738
  66163 203765 214080 155169 187436 154816 158895 184365 138165 137985
  34357  90725  66151  90738  66163    849  74964  87424  33804  66112
   4096  34358  91420  66845      0  90725  66150  90738  66163    718
  66579  87488  33932  78400   4096  34359  91420  66846  16387  90725
  66150  90738  66163      0  54487  66944  33804  66112   4096  34360
  91420  66845      0  90725  66150  90738  66163      0  54487  66944
  33804  74304   4096  34360  91420  66845      2  90725  66150  90738
  66163     11  91477  79232  33868  66112     64  34361  91420  66845
   8192  90725  66150  90738  66163     11  91477  79232  33804  66112
     64  34361  91420  66846      0  90725  66150  90738  66163  54165
  71126  99456  33804  66112      1  34362  91420  66846      0  90725
  66150  90738  66163  54165  71126  99456  33932  78400      1  34362
  91420  66846  16387  34357  90725  66151  90738  66163 146413 198770
 151603 171136 138148   3177 189505  34357  90725  66151  90738  66163
    718  66579  87488      1  34356  42005  91155  66580  91420  66846
      0  90725  66150  90738  66163  54165  71126  99456      1  91155
  66580  91420  66846      0  34357  90725  66151  90738  66163 220389
   3046   1106    384  70848 170931 216245 146729 195507   4096  34357
  90725  66151  90738  66163  66453  41998  69632 118785  34361  99899
  91420  66846      0  90725  66150  90738  66163  74385  65536      0
 118784   4096  34357  99900 114705  91420  66845      0  90725  66150
  90738  66163  66450  86992  58688 118785   1588  34365 108089  91420
  66846      0  34357  90725  66151  90738  66163 191476 151589 208047
 208064 170880 170932 154085 204836 171433 211567 188480  34357  90725
  66151  90738  66163  70671  73728      0 118784   4096   1588  34364
 122863 108085  91420  66845      0  90725  66150  90738  66163  99282
      0      0 118784   4096   1588  34366 122863 108085  91420  66845
      0  90725  66150  90738  66163  54799  73728      0 118784   4096
   1588  34367 122863 108085  91420  66845      0  90725  66150  90738
  66163  99277  73728      0 118784   4096   1588  34366 122863 108096
  91420  66845      0  90725  66150  90738  66163  54799  54400      0
 118784   4096   1588  34367 122863 108096  91420  66845      0  34357
  90725  66151  90738  66163 207201 147502 220002 154803   3561 215552
 203374  69696  90725  66150  91155  66580  42005   9793  41379  91155
  66581  57771  41386  33936  57765  33194  91420  66846 131072  65941
  33194  91420  66845 131072  65941  16182  34356  42005  34357  90725
  66151  90738  66163 211566 162597   2853 190964 163885 138536 208934
 220067 215663 191681  34357  90725  66151  90738  66163      0 170928
 220416      0   3584      0   3313 208136 229952 183176 229967  71040
   2424 197133 229952     51 170888 229952     35 195784 229953  90725
  66150  91155  66580  57870  41571  33936  57866  33379  91420  66846
 131072  33379  90716  66141  41572  91420  66846      0  33380  91647
  67073  91420  66846      0  33380  91362  66787  91420  66846      0
  34356  42001  33379  74234  17972  91100  66525  91420  66846      0
  33379  91573  66998  91420  66846      0  34297  91420  66846      0
  66008  91420  66845 131072  66018  34357  90725  66151  90738  66163
      0      0   2670 200052      0      0      0   3584      0      0
   3648      0  70640 167969 215150  36361   4096  91155  66580  57940
  41909  33936  57925  33717  91420  66846 131072  91155  66580  41910
  33936  57932  33718  91420  66846      0  33717  91420  66846      0
  33718  91420  66846      0  90972  66397  91420  66846      0  66084
  90725  66150  33717  91420  66845      0  66094  34356  90786  66211
  33718  91420  66845      0  66103  34357  90725  66151  90738  66163
 154532   4096  66139    484  57952  74337    604 196609  17972  66143
      2      2    598  34370  17972  41585  34370  90786  66211  82545
  33393  74345    613 196609      0    601    626 163841 122868  50755
   9796  57999   9794  90786  66211    626 163841 122874  50755   9796
  57999   9794  90786  66211    626 163841  50755   9796  57999   9794
  90786  66211  82546  66163    626 196610      1      3      2     64
     68    683   1588  25235  58015  82579  41620   9796  49812  66201
  33427    662 196609    652  66212  50757  74415   9796  58046   9798
  41621  90774  66199 114695  50759   8853  41621  33426   9800  58043
  33429 129024    674  50761 188417 122872   9796  66223  33429 129028
  66229  34378  66223     10   1056  33425   9800  58066  34356 124928
  41664  90774  66199  50754  58068  33472  90895  66320    754  34356
  66274 124932  66247  33472  50763   9804  74468   9805  74465   9806
  74463   9807  58050  66252   9808   9809   9810    705 196609   9811
  58080   9794  58082   9807  58050   9812  58095  33472  58050  66252
  90869  66294  66242    705      1 145966      0  90885 114706  50773
  17972  41733  17972   8949   9794    773 172052  33541  74500  33542
  40969  66308      0  66311  32788  40966 130048  66313      0      0
      0      0      0  41739  33426  41742  34355  41618  34370  90786
  66211  34364  90786  66211    783 131073 163842  41740 122868  50755
  90786  66211  33548   1588 114694  58152  66334  90786  66211  34390
  41740  33547 114691  41739 122865  50775   9816  90786  66211  82700
  33548  74540  90786  66211  34393  41740    783 131073 131072 163840
  50778  41739  34392  41741    780 164688  17163  74576  82701  41739
  66372 100000  10000   1000    100     10      1  33549  90786  66211
  82700  33548  74561  33550  41618  90869  66294    783 196610    576
  33726  41915  41916  41917  33717  58272  74705  33717  17342  41911
  33718  74603  33718  17342  17335  74672  58280    958  33717 107446
  41915  74662   9151  41912  17343  99264   9153  41913    958  33720
 107449  41913  99257  41914  33735  41932  33730  41916  33724  99258
    972 140231  41916  66509  33724  99257   9160  41916  33725  58258
  33724  17353  41916  33718  74649  33723  74653  33724    860 196609
  33724   9162  41916  66452  33724  17342  66455  33718  58276  41915
  66450 129024  66468  17342  66419  33717   9142  58284  66478  33727
  41915  33739  66444    958  33718 107445  41917  66417 138688 138688
 138688  15287  30253   6982      0 163840      0      0 207852 239655
  54292      1 262132    101 261156  17281 262140  16384  65536 131072
  32768      0  82892  33740  74627  66441   9162  58325  33717  66406
  33718   9162  58329  66515  33755  66455 163840    507  74720 129024
  66526  42000  33806  41999  33799  42002  33810  99344  42002  33798
 114689  58348  82962  33810   1039 140302  42002  82959  33807  74725
  82962  33809  74718  58371  17414  42001  33810  99346  42002  33798
 114689  58368  82962  82961  33809  74745  33810    988 196609      0
    112   1005   5405  21826  65532 131071 131071 262138      0 262142
      0 131070    549  66582      0  33937  41617  34356  42125  42132
  42128  42133  42131  83091  90817  66242  42130   9819  74790   9820
  74801  33938  18013  58444   9794  58452  33940  58414  66675  83091
  42128  66591  33936  58422  33932   9814  58465   1168 165005  42135
  17979  74822  33943 114691   9367   9367   9819   9362 173197  74822
  83092  83084  66591  33936  58441  66664  83093  34357  66648  33940
  58447  66675  42131  90817  66242  58448  66593  33936  58460  83093
  34370  90895  66320   1185  66664  42124  42126  34370  42128  66591
  33938   9822  74856  83086  33934  18015  58532  90817  66242   9824
  58472   9792  74864   9820  74856  33941  58483  66580  33936  58504
  33932  91340  66765  33934  91308  66733  42126  33813  74908  91340
  66765  33935  17549  74884  66781  33934  91308  66734  42125  33939
  58520  33933  66714     20      0  65536      1      0      1      1
      1      1      0      0      0  33933  17972   1043 196609  34401
  90895  66320   1185  66714   1043      1 203374  83085  34356  42126
  66664  65537      0  65536  65537   1158  66737 122863  33933  66738
   1588  42153  25770 107663  42152  99471  25771  17577  74952  58556
  66758  33963  17578  74947  17558  74950  33960  66762   9366  74952
  66753  34370  66761  34372   9384   1196 196609   1151  42155  18018
  74908   1195 165079  42127 122879  42134   1228 196609      1     10
    100   1000  10000 100000  34355  90895  66320   1185  66580    497
  42262  75017  58633  34060  42263  34070 114689  74989  83223  66793
 122878  50443  42262  99597 114689   9486  42264  34063   9494   1296
 107800  42262  99606  42264  99602   9491  99608   9492  99606  42264
  34071  99605 114701  17688   9489  42262  75034  66841 129024  66825
  65535 262143  22489  15901 215804      0 253627     16    221   5622
  90852 171293     14 259305  34064   1250 196609    578  66907  42399
  34356  42400  42405   1308 163841  50787   9632  75048  17972  42400
 163841  75103  34356  66912  50788 122867   9817  42401  34356  42404
  34207  75109  34211  42398  34356  42402  34208  58729  34213  58691
   1441  34207 140701  75080  83362  66879  34207  99900  26015  42402
  66891 148893  17972  42399  34210  58741  18021  75148  34209  58759
  34212  58755  34210   9816  90786  66211  83364  83361  83360  66871
  42399  34393  42405  66848  34370  90786  66211   1308 163841  66861
  17972  42399  34397  66982  34213  75116  66926  34209  58759  34212
  58751  34406  90786  66211  83364  66875  34212  58744  66895  34209
   9794  58755  34356  90786  66211  66904  34206  90786  66211  66928
  34206  90786  66211  66899  34213  17824  75148   1308 196610  34364
  90786  66211  34356  90895  66320   1428  66954   1308      1 203729
 162144 252144 261144 262044 262134 262143 262143     13      0      6
      0      0      0      7      0  42398  34207  75178  66871  34370
  42402  34213  58800  34407  66890  34372   9632  42400  34356  66890
    513   9712  42487  50673  42491  34288  17915  42488  99832   9714
  42489 114690  42490  99828   9715 122873   9717  99834   9715 122877
  17910  99832 108025  17918  42488   9720  99832   9712   9712  42493
  34296 108029  42489  34301   9714 122879 108029  42488  34295  75236
  34296  17916  42488  34297  17916  42489  34295   9719  75245  34297
  42493  34296  42489  34301  17916  42488  34296   1461 196609  32768
  65535 131072      1  70658  36552 102944  32770      1  65535      0
  32770      0 262143 262143    491  67076  67118      0      2  42499
  75293  58912   9769  75301  34344  42540  17922 114689  34307 108076
   9772   9769 122879  50728  42541  17964  75290  58906  34349  67082
  42540  34348   1535 196609  34346 129024  67102  34306  58905  34343
  42540  67083  34344  67097    362 131071      1     45      0    512
    513  42499  34347  42498  34307  67076      3      0      2 138688
    467 258438  65536 194291  13107     10  32768      8 262136 262142
 131072      1     63 262143 131327     33    128 262141 130816  68493
    127 262112 262080 262117 262140     58 262081     64     22 262137
  57344 262139      7     16 262138  32767 262128 262134     13 262123
 100000 262130      4      5   8191 122880      9     14  31072      0
      0      0      0      0      0      0      0      0      0      0
      0      0      0      0      0      0      0      0      0      0
      0      0      0      0      0      0      0      0      0      0
      0      0      0      0      0      0      0      0      0      0
      0      0      0      0      0      0      0      0      0      0
      0      0      0      0      0      0      0      0      0      0
      0      0      0      0      0      0      0      0      0      0
      0      0      0      0      0      0      0      0      0      0
      0      0      0      0      0      0      0      0      0      0
      0      0      0      0      0      0      0      0      0      0
      0      0      0      0      0      0      0      0      0      0
      0      0      0      0      0      0      0      0      0      0
      0      0      0      0      0      0      0      0      0      0
      0      0      0      0      0      0      0      0      0      0
      0      0      0      0      0      0      0      0      0      0
      0      0      0      0      0      0      0      0      0      0
      0      0      0      0      0      0      0      0      0      0
      0      0      0      0      0      0      0      0      0      0
      0      0      0      0      0      0      0      0      0      0
      0      0      0      0      0      0      0      0      0      0
      0      0      0      0      0      0      0      0      0      0
      0      0      0      0      0      0      0      0      0      0
      0      0      0      0      0      0      0      0      0      0
      0      0      0      0      0      0      0      0      0      0
      0      0      0      0      0      0      0      0      0      0
      0      0      0      0      0      0      0      0      0      0
      0      0      0      0      0      0      0      0      0      0
      0      0      0      0      0      0      0      0      0      0
      0      0      0      0      0      0      0      0      0      0
      0      0      0      0      0      0      0      0      0      0
      0      0      0      0      0      0      0      0      0      0
      0      0      0      0      0      0      0      0      0      0
      0      0      0      0      0      0      0      0      0      0
      0      0      0      0      0      0      0      0      0      0
      0      0      0      0      0      0      0      0      0      0
      0      0      0      0      0      0      0      0      0      0
      0      0      0      0      0      0      0      0      0      0
      0      0      0      0      0      0      0      0      0      0
      0      0      0      0      0      0      0      0      0      0
      0      0      0      0      0      0      0      0      0      0
      0      0      0      0      0      0      0      0      0      0
      0      0      0      0      0      0      0      0      0      0
      0      0      0      0      0      0      0      0      0      0
      0      0      0      0      0      0      0      0      0      0
      0      0      0      0      0      0      0      0      0      0
      0      0      0      0      0      0      0      0      0      0
      0      0      0      0      0      0      0      0      0      0
      0      0      0      0      0      0      0      0      0      0
      0      0      0      0      0      0      0      0      0      0
      0      0      0      0      0      0      0      0      0      0
      0      0      0      0      0      0      0      0      0      0
      0      0      0      0      0      0      0      0      0      0
      0      0      0      0      0      0      0      0      0      0
      0      0      0      0      0      0      0      0      0      0
      0      0      0      0      0      0      0      0      0      0
      0      0      0      0      0      0      0      0      0      0
      0      0      0      0      0      0      0      0      0      0
      0      0      0      0      0      0      0      0      0      0
      0      0      0      0      0      0      0      0      0      0
      0      0      0      0      0      0      0      0      0      0
      0      0      0      0      0      0      0      0      0      0
      0      0      0      0      0      0      0      0      0      0
      0      0      0      0      0      0      0      0      0      0
      0      0      0      0      0      0      0      0      0      0
      0      0      0      0      0      0      0      0      0      0
      0      0      0      0      0      0      0      0      0      0
      0      0      0      0      0      0      0      0      0      0
      0      0      0      0      0      0      0      0      0      0
      0      0      0      0      0      0      0      0      0      0
      0      0      0      0      0      0      0      0      0      0
      0      0      0      0      0      0      0      0      0      0
      0      0      0      0      0      0      0      0      0      0
      0      0      0      0      0      0      0      0      0      0
      0      0      0      0      0      0      0      0      0      0
      0      0      0      0      0      0      0      0      0      0
      0      0      0      0      0      0      0      0      0      0
      0      0      0      0      0      0      0      0      0      0
      0      0      0      0      0      0      0      0      0      0
      0      0      0      0      0      0      0      0      0      0
      0      0      0      0      0      0      0      0      0      0
      0      0      0      0      0      0      0      0      0      0
      0      0      0      0      0      0      0      0      0      0
      0      0      0      0      0      0      0      0      0      0
      0      0      0      0      0      0      0      0      0      0
      0      0      0      0      0      0      0      0      0      0
      0      0      0      0      0      0      0      0      0      0
      0      0      0      0      0      0      0      0      0      0
      0      0      0      0      0      0      0      0      0      0
      0      0      0      0      0      0      0      0      0      0
      0      0      0      0      0      0      0      0      0      0
      0      0      0      0      0      0      0      0      0      0
      0      0      0      0      0      0      0      0      0      0
      0      0      0      0      0      0      0      0      0      0
      0      0      0      0      0      0      0      0      0      0
      0      0      0      0      0      0      0      0      0      0
      0      0      0      0      0      0      0      0      0      0
      0      0      0      0      0      0      0      0      0      0
      0      0      0      0      0      0      0      0      0      0
      0      0      0      0      0      0      0      0      0      0
      0      0      0      0      0      0      0      0      0      0
      0      0      0      0      0      0      0      0      0      0
      0      0      0      0      0      0      0      0      0      0
      0      0      0      0      0      0      0      0      0      0
      0      0      0      0      0      0      0      0      0      0
      0      0      0      0      0      0      0      0      0      0
      0      0      0      0      0      0      0      0      0      0
      0      0      0      0      0      0      0      0      0      0
      0      0      0      0      0      0      0      0      0      0
      0      0      0      0      0      0      0      0      0      0
      0      0      0      0      0      0      0      0      0      0
      0      0      0      0      0      0      0      0      0      0
      0      0      0      0      0      0      0      0      0      0
      0      0      0      0      0      0      0      0      0      0
      0      0      0      0      0      0      0      0      0      0
      0      0      0      0      0      0      0      0      0      0
      0      0      0      0      0      0      0      0      0      0
      0      0      0      0      0      0      0      0      0      0
      0      0      0      0      0      0      0      0      0      0
      0      0      0      0      0      0      0      0      0      0
      0      0      0      0      0      0      0      0      0      0
      0      0      0      0      0      0      0      0      0      0
      0      0      0      0      0      0      0      0      0      0
      0      0      0      0      0      0      0      0      0      0
      0      0      0      0      0      0      0      0      0      0
      0      0      0      0      0      0      0      0      0      0
      0      0      0      0      0      0      0      0      0      0
      0      0      0      0      0      0      0      0      0      0
      0      0      0      0      0      0      0      0      0      0
      0      0      0      0      0      0      0      0      0      0
      0      0      0      0      0      0      0      0      0      0
      0      0      0      0      0      0      0      0      0      0
      0      0      0      0      0      0      0      0      0      0
      0      0      0      0      0      0      0      0      0      0
      0      0      0      0      0      0      0      0      0      0
      0      0      0      0      0      0      0      0      0      0
      0      0      0      0      0      0      0      0      0      0
      0      0      0      0      0      0      0      0      0      0
      0      0      0      0      0      0      0      0      0      0
      0      0      0      0      0      0      0      0      0      0
      0      0      0      0      0      0      0      0      0      0
      0      0      0      0      0      0      0      0      0      0
      0      0      0      0      0      0      0      0      0      0
      0      0      0      0      0      0      0      0      0      0
      0      0      0      0      0      0      0      0      0      0
      0      0      0      0      0      0      0      0      0      0
      0      0      0      0      0      0      0      0      0      0
      0      0      0      0      0      0      0      0      0      0
      0      0      0      0      0      0      0      0      0      0
      0      0      0      0      0      0      0      0      0      0
      0      0      0      0      0      0      0      0      0      0
      0      0      0      0      0      0      0      0      0      0
      0      0      0      0      0      0      0      0      0      0
      0      0      0      0      0      0      0      0      0      0
      0      0      0      0      0      0      0      0      0      0
      0      0      0      0      0      0      0      0      0      0
      0      0      0      0      0      0      0      0      0      0
      0      0      0      0      0      0      0      0      0      0
      0      0      0      0      0      0      0      0      0      0
      0      0      0      0      0      0      0      0      0      0
      0      0      0      0      0      0      0      0      0      0
      0      0      0      0      0      0      0      0      0      0
      0      0      0      0      0      0      0      0      0      0
      0      0      0      0      0      0      0      0      0      0
      0      0      0      0      0      0      0      0      0      0
      0      0      0      0      0      0      0      0      0      0
      0      0      0      0      0      0      0      0      0      0
      0      0      0      0      0      0      0      0      0      0
      0      0      0      0      0      0      0      0      0      0
      0      0      0      0      0      0      0      0      0      0
      0      0      0      0      0      0      0      0      0      0
      0      0      0      0      0      0      0      0      0      0
      0      0      0      0      0      0      0      0      0      0
      0      0      0      0      0      0      0      0      0      0
      0      0      0      0      0      0      0      0      0      0
      0      0      0      0      0      0      0      0      0      0
      0      0      0      0      0      0      0      0      0      0
      0      0      0      0      0      0      0      0      0      0
      0      0      0      0      0      0      0      0      0      0
      0      0      0      0      0      0      0      0      0      0
      0      0      0      0      0      0      0      0      0      0
      0      0      0      0      0      0      0      0      0      0
      0      0      0      0      0      0      0      0      0      0
      0      0      0      0      0      0      0      0      0      0
      0      0      0      0      0      0      0      0      0      0
      0      0      0      0      0      0      0      0      0      0
      0      0      0      0      0      0      0      0      0      0
      0      0      0      0      0      0      0      0      0      0
      0      0      0      0      0      0      0      0      0      0
      0      0      0      0      0      0      0      0      0      0
      0      0      0      0      0      0      0      0      0      0
      0      0      0      0      0      0      0      0      0      0
      0      0      0      0      0      0      0      0      0      0
      0      0      0      0      0      0      0      0      0      0
      0      0      0      0      0      0      0      0      0      0
      0      0      0      0      0      0      0      0      0      0
      0      0      0      0      0      0      0      0      0      0
      0      0      0      0      0      0      0      0      0      0
      0      0      0      0      0      0      0      0      0      0
      0      0      0      0      0      0      0      0      0      0
      0      0      0      0      0      0      0      0      0      0
      0      0      0      0      0      0      0      0      0      0
      0      0      0      0      0      0      0      0      0      0
      0      0      0      0      0      0      0      0      0      0
      0      0      0      0      0      0      0      0      0      0
      0      0      0      0      0      0      0      0      0      0
      0      0      0      0      0      0      0      0      0      0
      0      0      0      0      0      0      0      0      0      0
      0      0      0      0      0      0      0      0      0      0
      0      0      0      0      0      0      0      0      0      0
      0      0      0      0      0      0      0      0      0      0
      0      0      0      0      0      0      0      0      0      0
      0      0      0      0      0      0      0      0      0      0
      0      0      0      0      0      0      0      0      0      0
      0      0      0      0      0      0      0      0      0      0
      0      0      0      0      0      0      0      0      0      0
      0      0      0      0      0      0      0      0      0      0
      0      0      0      0      0      0      0      0      0      0
      0      0      0      0      0      0      0      0      0      0
      0      0      0      0      0      0      0      0      0      0
      0      0      0      0      0      0      0      0      0      0
      0      0      0      0      0      0      0      0      0      0
      0      0      0      0      0      0      0      0      0      0
      0      0      0      0      0      0      0      0      0      0
      0      0      0      0      0      0      0      0      0      0
      0      0      0      0      0      0      0      0      0      0
      0      0      0      0      0      0      0      0      0      0
      0      0      0      0      0      0      0      0      0      0
      0      0      0      0      0      0      0      0      0      0
      0      0      0      0      0      0      0      0      0      0
      0      0      0      0      0      0      0      0      0      0
      0      0      0      0      0      0      0      0      0      0
      0      0      0      0      0      0      0      0      0      0
      0      0      0      0      0      0      0      0      0      0
      0      0      0      0      0      0      0      0      0      0
      0      0      0      0      0      0      0      0      0      0
      0      0      0      0      0      0      0      0      0      0
      0      0      0      0      0      0      0      0      0      0
      0      0      0      0      0      0      0      0      0      0
      0      0      0      0      0      0      0      0      0      0
      0      0      0      0      0      0      0      0      0      0
      0      0      0      0      0      0      0      0      0      0
      0      0      0      0      0      0      0      0      0      0
      0      0      0      0      0      0      0      0      0      0
      0      0      0      0      0      0      0      0      0      0
      0      0      0      0      0      0      0      0      0      0
      0      0      0      0      0      0      0      0      0      0
      0      0      0      0      0      0      0      0      0      0
      0      0      0      0      0      0      0      0      0      0
      0      0      0      0      0      0      0      0      0      0
      0      0      0      0      0      0      0      0      0      0
      0      0      0      0      0      0      0      0      0      0
      0      0      0      0      0      0      0      0      0      0
      0      0      0      0      0      0      0      0      0      0
      0      0      0      0      0      0      0      0      0      0
      0      0      0      0      0      0      0      0      0      0
      0      0      0      0      0      0      0      0      0      0
      0      0      0      0      0      0      0      0      0      0
      0      0      0      0      0      0      0      0      0      0
      0      0      0      0      0      0      0      0      0      0
      0      0      0      0      0      0      0      0      0      0
      0      0      0      0      0      0      0      0      0      0
      0      0      0      0      0      0      0      0      0      0
      0      0      0      0      0      0      0      0      0      0
      0      0      0      0      0      0      0      0      0      0
      0      0      0      0      0      0      0      0      0      0
      0      0      0      0      0      0      0      0      0      0
      0      0      0      0      0      0      0      0      0      0
      0      0      0      0      0      0      0      0      0      0
      0      0      0      0      0      0      0      0      0      0
      0      0      0      0      0      0      0      0      0      0
      0      0      0      0      0      0      0      0      0      0
      0      0      0      0      0      0      0      0      0      0
      0      0      0      0      0      0      0      0      0      0
      0      0      0      0      0      0      0      0      0      0
      0      0      0      0      0      0      0      0      0      0
      0      0      0      0      0      0      0      0      0      0
      0      0      0      0      0      0      0      0      0      0
      0      0      0      0      0      0      0      0      0      0
      0      0      0      0      0      0      0      0      0      0
      0      0      0      0      0      0      0      0      0      0
      0      0      0      0      0      0      0      0      0      0
      0      0      0      0      0      0      0      0      0      0
      0      0      0      0      0      0      0      0      0      0
      0      0      0      0      0      0      0      0      0      0
      0      0      0      0      0      0      0      0      0      0
      0      0      0      0      0      0      0      0      0      0
      0      0      0      0      0      0      0      0      0      0
      0      0      0      0      0      0      0      0      0      0
      0      0      0      0      0      0      0      0      0      0
      0      0      0      0      0      0      0      0      0      0
      0      0      0      0      0      0      0      0      0      0
      0      0      0      0      0      0      0      0      0      0
      0      0      0      0      0      0      0      0      0      0
      0      0      0      0      0      0      0      0      0      0
      0      0      0      0      0      0      0      0      0      0
      0      0      0      0      0      0      0      0      0      0
      0      0      0      0      0      0      0      0      0      0
      0      0      0      0      0      0      0      0      0      0
      0      0      0      0      0      0      0      0      0      0
      0      0      0      0      0      0      0      0      0      0
      0      0      0      0      0      0      0      0      0      0
      0      0      0      0      0      0      0      0      0      0
      0      0      0      0      0      0      0      0      0      0
      0      0      0      0      0      0      0      0      0      0
      0      0      0      0      0      0      0      0      0      0
      0      0      0      0      0      0      0      0      0      0
      0      0      0      0      0      0      0      0      0      0
      0      0      0      0      0      0      0      0      0      0
      0      0      0      0      0      0      0      0      0      0
      0      0      0      0      0      0      0      0      0      0
      0      0      0      0      0      0      0      0      0      0
      0      0      0      0      0      0      0      0      0      0
      0      0      0      0      0      0      0      0      0      0
      0      0      0      0      0      0      0      0      0      0
      0      0      0      0      0      0      0      0      0      0
      0      0      0      0      0      0      0      0      0      0
      0      0      0      0      0      0      0      0      0      0
      0      0      0      0      0      0      0      0      0      0
      0      0      0      0      0      0      0      0      0      0
      0      0      0      0      0      0      0      0      0      0
      0      0      0      0      0      0      0      0      0      0
      0      0      0      0      0      0      0      0      0      0
      0      0      0      0      0      0      0      0      0      0
      0      0      0      0      0      0      0      0      0      0
      0      0      0      0      0      0      0      0      0      0
      0      0      0      0      0      0      0      0      0      0
      0      0      0      0      0      0      0      0      0      0
      0      0      0      0      0      0      0      0      0      0
      0      0      0      0      0      0      0      0      0      0
      0      0      0      0      0      0      0      0      0      0
      0      0      0      0      0      0      0      0      0      0
      0      0      0      0      0      0      0      0      0      0
      0      0      0      0      0      0      0      0      0      0
      0      0      0      0      0      0      0      0      0      0
      0      0      0      0      0      0      0      0      0      0
      0      0      0      0      0      0      0      0      0      0
      0      0      0      0      0      0      0      0      0      0
      0      0      0      0      0      0      0      0      0      0
      0      0      0      0      0      0      0      0      0      0
      0      0      0      0      0      0      0      0      0      0
      0      0      0      0      0      0      0      0      0      0
      0      0      0      0      0      0      0      0      0      0
      0      0      0      0      0      0      0      0      0      0
      0      0      0      0      0      0      0      0      0      0
      0      0      0      0      0      0      0      0      0      0
      0      0      0      0      0      0      0      0      0      0
      0      0      0      0      0      0      0      0      0      0
      0      0      0      0      0      0      0      0      0      0
      0      0      0      0      0      0      0      0      0      0
      0      0      0      0      0      0      0      0      0      0
      0      0      0      0      0      0      0      0      0      0
      0      0      0      0      0      0   1239 215138 180224 132302
      0      5   1225 155169 146688   1217 190817 204800   1219 215217
      0   1222 170915 204800   1224 207204 219365   1202 210112      0
   1201 210048      0 132526      0  31072   1456 158545      0   1428
 154802 150817   1418 195956      0 132464      0     14   1392 150575
 200052   1407 195635      0   1446 198772 145938   1368 207220 220334
   1363 195620 163072   1411 195635 170478   1415 155177 212992   1359
 215411 215331   1420 154802 195712 132429      0      9   1397 195635
 198885   1354 211316 191360   1355 158884 215267   1352 146414 215662
   1437 146414 212224   1343 183279 197696   1341 150578 154880   1347
 145516 145842   1339 146413 196608   1385 195620 153840   1442 150119
 171264   1335 183279 197760   1438 211559 188416   1334 211438 207220
   1443 199477 208896   1381 145963 211438   1444 150119 187072   1441
 149696      0 132397      0 122880   1325 191282 154880   1376 202984
      0   1375 191232      0 132533 204009 188416 132526      0  31072
 132607 204017 208128 132526      0  31072   1639      0  31072   1638
      0     14   1637      0      9   1636      0 122880   1635      0
   8191   1634      0      5   1633      0      4   1632      0 262130
   1631      0 100000   1630      0 262123   1629      0     13   1628
      0 262134   1627      0 262128   1626      0  32767   1625      0
 262138   1624      0     16   1623      0      7   1622      0 262139
   1621      0  57344  33540 204020 195584   1620      0 262137   1619
      0     22   1618      0     64   1617      0 262081   1616      0
     58   1615      0 262140   1614      0 262117   1613      0 262080
   1612      0 262112   1611      0    127   1610      0  68493   1609
      0 130816   1608      0 262141   1607      0    128   1606      0
     33   1605      0 131327  33525 203809 220389  33551 203122 207858
  33425 203049 188416  33473 202984 170880   1604      0 262143   1603
      0     63   1602      0      1  33628 202868 138112  34229 204009
 188416  33756 203128 196608  34018 203566      0  34303 204017 208128
  33442 202984 195584   1601      0 131072    427 186484 167104    390
 170928 220416   1600      0 262142  33540 204020 195584  33525 203809
 220389  33551 203122 207858  33425 203049 188416  33473 202984 170880
  33540 204020 195584  33525 203809 220389  33551 203122 207858  33425
 203049 188416  33473 202984 170880  33628 202868 138112  34229 204009
 188416  33756 203128 196608  34018 203566      0  34303 204017 208128
  33442 202984 195584  34076 203765 214080  33394 195956 212274  33381
 190839 182894  33811 203374  69632  33426 203055 220416   5529  40783
  48066  48031  96907  72332  80524  57194  62925  57195  63257  39518
  16236  63661  16210  63053  16237  63484  16208  63043  16237  63046
  16237  62918  16238  63803  16239  63076  16223  63490  16208  63875
  16240  63805  16224  63912  16208  62912  71629  40786  48030  96907
  72332  80524  71183  40794  46615  96907  72332  57194  62927  71629
  40783  46615  97048  72542  39519  79316  71629  39872  24433  79381
  39872   8015 114701  13847   7071 179106  39518  16210  63437  96907
  72332  79325  40783  48064  39519  57194  63000  39839  79381  39519
  57195  63105  39518  16242  63021  39838  15298  81217  39842  57203
  62975  24436  62975  39842  57205  62975  40822  71630  71958  71982
  40786  48031  39518  16247  63053  16236  63043  16237  63046  16248
  62989  16249  63076  71629  96907  72332  57194  62925  39518  16238
  62918  71629  40783  71630      0  97048  72542  39518  16242  63009
  40783  48065  39872  71209  71202  96907  72332  40808  15261  48065
  39840  15296  24398  80700  24398  71358  39837  16232  48065  96907
  72332  39518  16250  63032  16237  63035  71629  97048  72537  71230
  97048  72537  24399  15286  24398  80700  24398  71358  97048  72473
  71241  97048  72473  24399  48036  40783  48065  71366  40783  48036
  40823  46691  96907  72332  79434  57193  63073  39518  24443  79457
  39518 122877  39844 114691  48036  38499  87651  79441  40792  71630
      0  40784  48039  40783  48042  96907  72332  39518  16210  63097
  16252  79473  40799  47710  39518  97168  72593  71272  96907  72332
  79485  71265  40783  97168  72593  71289  40783  48065  39849  71365
  97132  72557  39519  79509  39518  16250  63117  16237  63120  16253
  63125  71629  97048  72537  71299  97048  72537  24399  48064  71299
  97586  73011  71321  71349  39871  57176  63133  71334   7088 163840
  57214  24446  63139  71334  39874  79777  71581  40794  48065   7088
 163840  79538  57193  24425  48065 163840  57166  15296  71358  39872
  64865  73038   7088 163840  57215 172032  39837 122878 139264 172032
  39846  57166  48036  39874  80273  39844   7071 146338  48036  39519
  79572  39838  79605  39518  16256  63182  71629  96907  72332  39518
  16257  63188  71374  39518  16210  63195  96907  72332  79572  71370
  39838  79602  39839  79631  39871  57176  63208  97690  73115  39844
   7094 172032  71408  39873  63211  40799  16223  47653  39844  96780
  72205  89014  71066  96907  72332  80524  39518  16258  63225  71629
  48030   5902  39844  46849  57177  63237  22285  38668      0  46860
 114706  71434  39844  16259  46856      0  46862  46861  71066      0
      0      0  40783  48031  48060  39844  48061  97586  73045  71446
  71349      0  40783  46872  97132  72557  39519  79662  39518  16260
  63267  71629  97048  72537  24398  80700  24398  48382  40809  46975
  39519  79666  71629  39862  48382  39837  46975  97655  73080  71481
      0  40799  46872  71489   7088 163840  48038  79679  40785  71630
  97508  72933   7088 163840  57175  15614  14207 172032  39871  57183
  63308  96128  71553  39871  57176  63315  97453  72878  71517  71066
   7088 163840 114690  79706  38680  63330  71066  38783  63397  71587
   7088 163840  48038 163842  71523  40783  48044  39846  57221  48043
  57166  24398  63311  40785  47653  39851  96780  72205  38783 122864
  47653  39852  96780  72205  38783  63354  40190  96780  72205  96815
  72240  39852  63311  72918      0   5963  40799  97434  72859  97222
  72647   7099  40190  97393  72818  39861  23472  79771  40783  97434
  72859   7088 163840  57219  63384  40838  97434  72859  71579  40839
  97434  72859   6016 196609  39838  81217  40792  71590  40783  71590
  40785  71590  40799  48035  40806  47653  39868  96780  72205  39843
  47653  39869  96780  72205  39843  63421  16237  63423  16223  63418
  40190  48064  71622  96815  72240  71066  48054  71622  40783  47653
  39842  57175  96780  72205  89014  39872  96780  72205  71610  48040
  40786  71633  40799  89014  48040  40783  47099  40794  47709  40814
  96815  72244   8015  39848  16264  47098  97222  72647   6137  39835
  97393  72818  40783  97434  72859  40783  97434  72859  40783  97434
  72859  97222  72647   6752  39871  57225  16266  48063  40783  48030
  48029  48066  48031  38907  79863  71066      3      0      0  96907
  72332  39518  16257  62874  71676  88987  39871  57183  63497  40799
  97434  72859  39862  48032  39860  23475  79957  39860  48048  39856
  23477  63535   7088 163841  79898  39856  16209  48048  71696  57175
  24407  63510 163840  79904  71702  57219  63525  39836  16208  79894
  40814  96815  72244  39871  57225  16266  48063  97728  73153  71702
  40783  48433  39861  16208  48048  48049  16209  23476  63570   7088
 163841  79937  97536  72961  39856  16208  48048  71733  57175  24407
  63557  71756 163841  57166  48038  23477  79931  63547   7078 163840
 114690  79931  97554  72979  71741  39857  16209  48052   7068 202839
  71795  71855  71776  39860  48053  39871 114704  81506  71775  39871
 114704  79985  40800  47653  39866  96780  72205  40814  96815  72244
  40843  96806  72231  40823  96815  72244  88988  71694  96499  71924
  96907  72332  80524  57195  63626  39518  16237  63620  16268  63617
  40806  71631  39860  48053  71066  46975  96907  72332  57195  63628
  71807  40835  46975  97132  72557  97655  73080  71832 131072  39868
  80037   7092  40845  14207 172032   7088 163840  57219  63646  38783
  63659 163841  57230  16218 172033  39519  79989  71802  57230  48060
  39860  16209  48052  71822  40827  71631  88988  71691  88988  39859
  48048  48049  39860  23475  80070  40783  48433   7088 163841  63692
  97536  72961  39856  16208  48048  23476  80056  63672  39857  16209
  48052  96499  71926  39858  24399  48053  71694  39871  57176  63706
  97690  73115   7088 163842   7094 172032  39862  48382  97508  72933
  71919  40785  47653   7088 163840  57221  96780  72205  40783  47653
  96780  72205  96815  72240  40799  47653   7088 163842  96780  72205
  96815  72240  89014  97554  72979  71869   6343  40783  71927  40799
  48038  39861  15282  63764  39861  48048   7088 163841  48039  63759
  57175  24407  63759  39847  80137  39846  63759  71948  39846  63756
  71951  40794  15271 172033  39856  16209  48048  15282  80125   6387
 196609  39223  40969  39224  40980  40785  48063  39226  47417  40782
  48776  39225  48052  48053  16208  48051  39225  24399  48050  40783
  48058  48027  48069  48029  48067  40783  48028  48030  48068  40794
  47709  71066     20 196608  71989   6446   5529   5529  40783  71998
  40799  47478  96907  72332  39518  16250  96907  64140  97048  72542
  39519  80202  71629  39286  63863  39872  48063 114704  80218  40783
  48054  39871 114702  96697  80314  40814  96815  72244  71066  39871
 114701  80225  39871 114703  80228  72046  40422  48054  72029  39862
  48038   7078  40783 172032  88998  39846  22901  63774  72038  39871
 114700  80242  71066  39862  47417  71966   5529      0  39871 114704
  80255  40797  47653  39872  96780  72205  39872  15286  48054  71066
  39875  80265  39862  48055  40786  48067  48066  96907  72332  39518
  16250  96907  64140  71139  39844  57166  48064  48054  39873  63896
  40808  16233  48029  39871  57176  63902  71066  47653  39873  63907
  40809  72100  40794  15296  96780  72205  71066  39875  62874  39863
  48054  40783  48067  48029  39871  57176  63923  71066  47653  40786
  96780  72205  71066   7099      0  39352  47622  48038  40781  22968
  14832  48039  48041  40783  47627  47626   7078 163840  14859  47627
  88998  88999  39847  80325  40818  48042  39407  48043  40847  96806
  72231  40806  47653   7083 163840  96780  72205  89003  89002  39850
  80337  96806  72231   6662 163840  96780  72205  88582  89001  39849
  80352  40787  96806  72231  40783  48058   6585 196609   6641 262109
   8179  73718 262120  40946 124928  65501  49135 124928 124928   8174
 172032  24563  49139  90094  40943  24560  81884  40947  64987 129024
  73708      0      0     32  73692      0      0      0  47652  39871
 114699  80418  39461   6692 114692  31268  96806  72231  40783   6692
 114696  31268  96806  72231  40783   6692 114696  96806  72231   6668
 196609      0      0      0  57185  48038  15290  48058  39846 129024
   6694 196609      0  39871 114699  80442  40807  48038  40783 129024
  88998  39846  80437   6703 196609   6840  40783 124928  47700  40783
  47701  39508  47702  39510  64075  16210  55894  47702  88661  72260
  39509  57183  64080   6716 196609  39508  57185   6716 196610     20
      2      0 262141 262104      0     20      0      1      0      1
 139264      1   4096 110656  69696   4096 138405   3247 195840 159086
 146729 195465   4096    721  69670 195712 117804 220382    577 209473
  36928 153844 153865   4096   4096      0      0      0      0      0
      0      0      0      0      0      0      0      0      0      0
      0      0      0      0   5534  39517  80557  39516  47710  16210
  64165  88663  39511  80543  40784  47703   6744  40783 137865 114694
  47708  31323  88664  72359   6747  40783 114695  47708  31323  72359
  40794  47709   6750 170992  57232  47711   6795 196609  40783  47709
  48045  47712  40849  47704  40784  47703  40783  47705  96828  72253
  72426  64183  47706   6746 170992  48046  57225  48047  88672  39854
  57226  24458  64223  39855  14937  47705  88663  39511  80602  39513
   6744 178825  88664  39512  80563  96828  72253  72426  16274  64216
  72403  40803  71630   8015  39513 114694  47705  72375  39514  16274
  64238  16274  64269  16227  64265  16275  64265  16276  64265  40794
  48045  40790  72391  39855  14937  47705  88663  39511  80644  39513
   6744 178825  39853  64251  40853  71630  40784  47703  40854  47704
  40783   6753 114694  31323  72335  39513   8015 114694  47705  72433
  39520  16210  47712  72375  39520  16210  64271  96828  72253  72426
  16274  64278  72465  40855  71626   5657  96907  72332  57194  64350
  39518  16280  64289  71629  97091  72516   7083 170985  48045  39851
  24416  80700  64318  40783  48041 170985 122879  23488  80705  48064
  40809  48046   7081 114689  39872 114689 113581 122879  15278   6936
 196609  40800  71630  39850  48064  72492  40783  72498   7010  40783
  48043  48064  96907  72332  57193   6979 188417  39518  57201   8015
 122879  15296 122878  15296  31657  48042 114691  48064  89003  72519
  96907  72332  57194  64350  71629  40783  48043  48064  97091  72524
  39851  24416  80700  39850  24473  80700  39872   6936 196609   5916
  40783  48061  48042  40813  48040  40784  48039  39518  97168  72593
  72574  39849   7080 179134  89000  40784  48039  96907  72332  57204
  64389  39848  64382  72564  39848  64398  40783  97168  72593  72583
  39849   7080 179134   7020 196609   7049  15274  48041   8015 114694
  48042  88999  39847   7056 204801 196610     17      0      0      0
      0   1535 122880  65536      0  67076   7077 204020      0      0
     20     10      1      0      0  65600      0   5478   5478 256615
   5526   5481   5481   1640     32      0      0      0      9 204017
 208128      0     19      5 196608      0      0      0   1639   7779
   7110 163841  57166  48104   7144 163840  24399  48039  40784  48040
   7144 131073  40783 114694  48041  31658  39849  97434  72859  88999
  39847   7110 188418  40783   7082 114695  48041  31658  89000  39848
  80855  89064  72655   7787      1     10    100   1000  10000 100000
 125000 131072 139328  16448  16448  16448  16448  16448  16448  16448
  16384  16449  16448  16448  16448  16448  16448  65600  65600  65600
  65600  65600  65600  65600  65600  65600  65600  16448  16448  16448
  16448  16448  16448  16384  32832  32770  32771  32772  32773  32774
  32775  32776  32777  32778  32779  32780  32781  32782  32783  32784
  32785  32786  32787  32788  32789  32790  32791  32792  32793  32794
  16411  16412  16413  16414  16415 163872  10273  34850 166947  36900
 168997 170022  39975  41000 173097 174122  44075 176172  46125  47150
 179247  49200 181297 182322  52275 184372  54325  55350 187447 188472
  58425  59450 191547  61500 193597 194622  64575 196672  66593  67618
 199715  69668 201765 202790  72743  73768 205865 206890  76843 208940
  78893  79918 212015  81968 214065 215090  85043 217140  87093  88118
 220215 221240  91193  92218 224320  94272 226368 227392  97344      3
   7806  48039  40783  48240  40785  48040  40787  48041   7080 170985
  48042  23463  48039  81026  89001  39850  72828  15274  48039  40786
  15272  48040  39849  24403  64652  89200  72846  40048  64655  39849
  97434  72859  39848  64660  72823  39847  16211  97434  72859   7281
 196609   7812  48300   7340 170992  57172  64679  40789 129028  40790
 129028  40783 129028  72874 138288 114696 129028   7322 196609     16
   5968  39856  16215  48353  39859  48048  48049  39861  48354  40783
  48433  40190  48355   7088 163841  23777  64717  97536  72961  39856
  16208  48048  23476  81082  64698  39857  16209  48052  40162  48053
   7341 196610  39871  57176  64735  40163   7088 139266  48382  97508
  72933  97554  72979  39861  23472  81088  40162  16209  48354  72896
   7341 196609 259400   5307   1535   6360   7088 163840  57166  48383
 163840  57177  15614 172032  39871  57176  64754  40191  24398   7396
 188417  40191  48383   7423 163840  57166  48383 147456  15614 172032
  72944   1639   8191   6204   7088 163840   7089 172032   7088 163841
   7089 172033   7088 163842   7089 172034  39857  16208  48049   7424
 196609   6224  39856  48432  40240  23476  64811  40240  16208  48432
   7472 163841  48038  57175  24407  64802  72981  39846  57166  15665
  23472  81173  39846  16209 172033  72981  40241  16208  48433   7442
 196609   5466      0   5782   8015  39876 114703  16218  48443  97655
  73080  73055 131072  39874  64839  39860  16209  48052  40795   7108
 204100  71626  40787  73272  39872  64857  40251  16206   7088 172032
  39872  48061  39874  64850  73025  39856  16215  48060  97655  73080
  73057 131072  40783  48065  40782  48038   7474 196610   7474 196609
  39874  64868  73025   7088 163840  48038  57166  24398  64879  39846
  57180  24412  64879  40794  48065 163840  57175  15286 172032  39846
  57166  73053   5939  39860  48048  15282  64905   7088 163841  23484
  64900  39856  16209  48048  73082 163842  23485   7543 188417  73088
  39860  16208  48052  48048  97690  73125   7543 163842  15286   7092
 172032  39868 172033  39869 172034   7543 196611   6352  39862  24200
  81312  39862  48776  39877  23478  81317  39862  48069  39860  23493
  81342  39871  48038 114704  81325  73137  39846 114700  81329  73145
  39860  24038  64950  81334  73145  40423  23478  81342  40797   7108
 204220  71626  73272   7578 196609      0   7088 163841  48600 163842
  48601   8015  39876 114694  16222  48598  97222  72647   7637   7088
 163840  57166  97393  72818   7616 196609     15   6517      0      0
      0      0  40418  40970  40419  40971  40420  40972  73192  73192
  73193  73194   7077     32   8180  73195  73220  73209  40785  48063
  40422  48038   7078  40783 172032  88998  39846  24037  65015  73199
  40422  48054  40783  48069  40782  48776  40421  16208  48051  40421
  48052  24399  48050  39862  48056  40783  48058  48067  40799  48068
  40783 124928  65035  48705 122876  48704  24416  81474  65161  40513
  15290  48058  40513 124928  48705  57185  15290  48058  40513 124928
  48705  57185  15290  48058  40513   7744 204326  73400  73263  73262
  73360  73387  15286  48054  73227  15288  48039  97690  73115  39847
   7094 172032  89014  73227  40799  16226  48703  97222  72647   7742
  73277      3      0      0      0  40513 124928 124928  48705  39860
  48053  48048  73302   7088 163841  65107  57175  24407  65107 163840
  97728  81345  39856  16209  48048  15282  65113  73290  40513  65122
  24419  81504  40513  48063  73220   7745 196608  97222  72647   7782
  73325     17   6569 208116   2849 212224 190840 213056  40584  97393
  72818  40783  97434  72859  40783  97434  72859  39877  97393  72818
  40783  97434  72859  39862  97393  72818  40804  97434  72873  40805
  97434  72873  39876  63790  73351     32  40513 124928 124928  23482
  65028  40800  73272  98103  73528  39849  65178  39872  48382  98103
  73528  40190  73371  39862  15296  48382  40513  57166  48041  40513
  57175  65190  24412  65191  73392  39864  15273  97508  72949  73227
  98103  73528  39849  16231  81586  40806  73272   7081 204468  73437
  73457  73502  73457  24402  65235  40513  57192  65079  24424  65079
  39875  81607  39864  48057  39862  48055  40786  48067  40513  65231
  57193  65228  39864  15937  57166  73425  39872  48056  48054  73227
  39875  81622  73271  39863  48054  39865  48056  40783  48067  73227
  39872  48061  98103  73528  40513  48060  97655  73080  73448 131072
  73022   7088 163840  81217  57166  15296  48064  40783  48705  73407
  40513  48060  39872  48061  39849  24415  65276  98103  73528  39872
  73469  39862  48382  39871  57183  65290  40799  97434  72859  97222
  72647   7099  40190  97393  72818  97655  73080  73491  32768  40190
  16141   7088 172032  73227   7088 163840  81688  40785  73272  97508
  72933  97453  72878  73500  73227  39872  48061  98103  73528  39872
  48042  98103  73528  40513  48060  97586  73011  73517  15274  73263
   7088 163840  81716  57166  15296  15274  73263  39872  64865  73038
      0  40784  48038  39872 124928  48064  57185  15290  48058  39846
  24400  65352  88998  39846  81722   7991 196609  39872 122876  57187
  48041  73539   8013   8191      0 262141      3 262143     16   8192
    141     10 253952      2 122880 131072     32  16384      5   6517
      1      6    127   6560      7     20    135      4 262140 196608
  65536 196544 229312 262139 262142 262129 262114     52     15 262117
 114688  98304  73728     28 262138 262128 262113 262133     23 262083
 262125 163840 245759 262136 262135 262112  32768 262115  24575     39
     51   6480     63     64    112 262085 139263 131071     92 262016
 262104 262134 262030    120      8 262105      9 262130  16383      0
      0      0      0      0      0      0      0      0      0      0
      0      0      0      0      0      0      0      0      0      0
      0      0      0      0      0      0      0      0      0      0
      0      0      0      0      0      0      0      0      0      0
      0      0      0      0  40947 124928  65480  49133  57330  65495
  40941 124928 124928  65504  49134  16368  49136  40947 124928  73674
   8174  40941 124928 124928 172032  16367  49135  90094  73684 124928
 124928 124928  24559  65511 129024  73701 124928 124928 124928  24560
  65515  73701    128   8090 227993   5508  73671    128      0 262141
   8180  40957 124928  81914  73719 124928 180212  81921  32769  81910
  73713      0      0      0      0      0      0      0      0      0
      0      0      0      0      0      0      0      0      0      0
      0      0      0      0      0      0      0      0      0      0
      0      0      0      0      0      0      0      0      0      0
      0      0      0      0      0      0      0      0      0      0
      0      0      0      0      0      0      0      0      0      0
      0      0      0      0      0      0      0      0      0      0
      0      0      0      0      0      0      0      0      0      0
      0      0      0      0      0      0      0      0      0      0
      0      0      0      0      0      0      0      0      0      0
      0      0      0      0      0      0      0      0      0      0
      0      0      0      0      0      0      0      0      0      0
      0      0      0      0      0      0      0      0      0      0
      0      0      0      0      0      0      0      0      0      0
      0      0      0      0      0      0      0      0      0      0
      0      0      0      0      0      0      0      0      0      0
      0      0      0      0      0      0      0      0      0      0
      0      0      0      0      0      0      0      0      0      0
      0      0      0      0      0      0      0      0      0      0
      0      0      0      0      0      0      0      0      0      0
      0      0      0      0      0      0      0      0      0      0
      0      0      0      0      0      0      0      0      0      0
      0      0      0      0      0      0      0      0      0      0
      0      0      0      0      0      0      0      0      0      0
      0      0      0      0      0      0      0      0      0      0
      0      0      0      0      0      0      0      0      0      0
      0      0      0      0      0      0      0      0      0      0
      0      0      0      0      0      0      0      0      0      0
      0      0      0      0      0      0      0      0      0      0
      0      0      0      0      0      0      0      0      0      0
      0      0      0      0      0      0      0      0      0      0
      0      0      0      0      0      0      0      0      0      0
      0      0      0      0      0      0      0      0      0      0
      0      0      0      0      0      0      0      0      0      0
      0      0      0      0      0      0      0      0      0      0
      0      0      0      0      0      0      0      0      0      0
      0      0      0      0      0      0      0      0      0      0
      0      0      0      0      0      0      0      0      0      0
      0      0      0      0      0      0      0      0      0      0
      0      0      0      0      0      0      0      0      0      0
      0      0      0      0      0      0      0      0      0      0
      0      0      0      0      0      0      0      0      0      0
      0      0      0      0      0      0      0      0      0      0
      0      0      0      0      0      0      0      0      0      0
      0      0      0      0      0      0      0      0      0      0
      0      0      0      0      0      0      0      0      0      0
      0      0      0      0      0      0      0      0      0      0
      0      0      0      0      0      0      0      0      0      0
      0      0      0      0      0      0      0      0      0      0
      0      0      0      0      0      0      0      0      0      0
      0      0      0      0      0      0      0      0      0      0
      0      0      0      0      0      0      0      0      0      0
      0      0      0      0      0      0      0      0      0      0
      0      0      0      0      0      0      0      0      0      0
      0      0      0      0      0      0      0      0      0      0
      0      0      0      0      0      0      0      0      0      0
      0      0      0      0      0      0      0      0      0      0
      0      0      0      0      0      0      0      0      0      0
      0      0      0      0      0      0      0      0      0      0
      0      0      0      0      0      0      0      0      0      0
      0      0      0      0      0      0      0      0      0      0
      0      0      0      0      0      0      0      0      0      0
      0      0      0      0      0      0      0      0      0      0
      0      0      0      0      0      0      0      0      0      0
      0      0      0      0      0      0      0      0      0      0
      0      0      0      0      0      0      0      0      0      0
      0      0      0      0      0      0      0      0      0      0
      0      0      0      0      0      0      0      0      0      0
      0      0      0      0      0      0      0      0      0      0
      0      0      0      0      0      0      0      0      0      0
      0      0      0      0      0      0      0      0      0      0
      0      0      0      0      0      0      0      0      0      0
      0      0      0      0      0      0      0      0      0      0
      0      0      0      0      0      0      0      0      0      0
      0      0      0      0      0      0      0      0      0      0
      0      0      0      0      0      0      0      0      0      0
      0      0      0      0      0      0      0      0      0      0
      0      0      0      0      0      0      0      0      0      0
      0      0      0      0      0      0      0      0      0      0
      0      0      0      0      0      0      0      0      0      0
      0      0      0      0      0      0      0      0      0      0
      0      0      0      0      0      0      0      0      0      0
      0      0      0      0      0      0      0      0      0      0
      0      0      0      0      0      0      0      0      0      0
      0      0      0      0      0      0      0      0      0      0
      0      0      0      0      0      0      0      0      0      0
      0      0      0      0      0      0      0      0      0      0
      0      0      0      0      0      0      0      0      0      0
      0      0      0      0      0      0      0      0      0      0
      0      0      0      0      0      0      0      0      0      0
      0      0      0      0      0      0      0      0      0      0
      0      0      0      0      0      0      0      0      0      0
      0      0      0      0      0      0      0      0      0      0
      0      0      0      0      0      0      0      0      0      0
      0      0      0      0      0      0      0      0      0      0
      0      0      0      0      0      0      0      0      0      0
      0      0      0      0      0      0      0      0      0      0
      0      0      0      0      0      0      0      0      0      0
      0      0      0      0      0      0      0      0      0      0
      0      0      0      0      0      0      0      0      0      0
      0      0      0      0      0      0      0      0      0      0
      0      0      0      0      0      0      0      0      0      0
      0      0      0      0      0      0      0      0      0      0
      0      0      0      0      0      0      0      0      0      0
      0      0      0      0      0      0      0      0      0      0
      0      0      0      0      0      0      0      0      0      0
      0      0      0      0      0      0      0      0      0      0
      0      0      0      0      0      0      0      0      0      0
      0      0      0      0      0      0      0      0      0      0
      0      0      0      0      0      0      0      0      0      0
      0      0      0      0      0      0      0      0      0      0
      0      0      0      0      0      0      0      0      0      0
      0      0      0      0      0      0      0      0      0      0
      0      0      0      0      0      0      0      0      0      0
      0      0      0      0      0      0      0      0      0      0
      0      0      0      0      0      0      0      0      0      0
      0      0      0      0      0      0      0      0      0      0
      0      0      0      0      0      0      0      0      0      0
      0      0      0      0      0      0      0      0      0      0
      0      0      0      0      0      0      0      0      0      0
      0      0      0      0      0      0      0      0      0      0
      0      0      0      0      0      0      0      0      0      0
      0      0      0      0      0      0      0      0      0      0
      0      0      0      0      0      0      0      0      0      0
      0      0      0      0      0      0      0      0      0      0
      0      0      0      0      0      0      0      0      0      0
      0      0      0      0      0      0      0      0      0      0
      0      0      0      0      0      0      0      0      0      0
      0      0      0      0      0      0      0      0      0      0
      0      0      0      0      0      0      0      0      0      0
      0      0      0      0      0      0      0      0      0      0
      0      0      0      0      0      0      0      0      0      0
      0      0      0      0      0      0      0      0      0      0
      0      0      0      0      0      0      0      0      0      0
      0      0      0      0      0      0      0      0      0      0
      0      0      0      0      0      0      0      0      0      0
      0      0      0      0      0      0      0      0      0      0
      0      0      0      0      0      0      0      0      0      0
      0      0      0      0      0      0      0      0      0      0
      0      0      0      0      0      0      0      0      0      0
      0      0      0      0      0      0      0      0      0      0
      0      0      0      0      0      0      0      0      0      0
      0      0      0      0      0      0      0      0      0      0
      0      0      0      0      0      0      0      0      0      0
      0      0      0      0      0      0      0      0      0      0
      0      0      0      0      0      0      0      0      0      0
      0      0      0      0      0      0      0      0      0      0
      0      0      0      0      0      0      0      0      0      0
      0      0      0      0      0      0      0      0      0      0
      0      0      0      0      0      0      0      0      0      0
      0      0      0      0      0      0      0      0      0      0
      0      0      0      0      0      0      0      0      0      0
      0      0      0      0      0      0      0      0      0      0
      0      0      0      0      0      0      0      0      0      0
      0      0      0      0      0      0      0      0      0      0
      0      0      0      0      0      0      0      0      0      0
      0      0      0      0      0      0      0      0      0      0
      0      0      0      0      0      0      0      0      0      0
      0      0      0      0      0      0      0      0      0      0
      0      0      0      0      0      0      0      0      0      0
      0      0      0      0      0      0      0      0      0      0
      0      0      0      0      0      0      0      0      0      0
      0      0      0      0      0      0      0      0      0      0
      0      0      0      0      0      0      0      0      0      0
      0      0      0      0      0      0      0      0      0      0
      0      0      0      0      0      0      0      0      0      0
      0      0      0      0      0      0      0      0      0      0
      0      0      0      0      0      0      0      0      0      0
      0      0      0      0      0      0      0      0      0      0
      0      0      0      0      0      0      0      0      0      0
      0      0      0      0      0      0      0      0      0      0
      0      0      0      0      0      0      0      0      0      0
      0      0      0      0      0      0      0      0      0      0
      0      0      0      0      0      0      0      0      0      0
      0      0      0      0      0      0      0      0      0      0
      0      0      0      0      0      0      0      0      0      0
      0      0      0      0      0      0      0      0      0      0
      0      0      0      0      0      0      0      0      0      0
      0      0      0      0      0      0      0      0      0      0
      0      0      0      0      0      0      0      0      0      0
      0      0      0      0      0      0      0      0      0      0
      0      0      0      0      0      0      0      0      0      0
      0      0      0      0      0      0      0      0      0      0
      0      0      0      0      0      0      0      0      0      0
      0      0      0      0      0      0      0      0      0      0
      0      0      0      0      0      0      0      0      0      0
      0      0      0      0      0      0      0      0      0      0
      0      0      0      0      0      0      0      0      0      0
      0      0      0      0      0      0      0      0      0      0
      0      0      0      0      0      0      0      0      0      0
      0      0      0      0      0      0      0      0      0      0
      0      0      0      0      0      0      0      0      0      0
      0      0      0      0      0      0      0      0      0      0
      0      0      0      0      0      0      0      0      0      0
      0      0      0      0      0      0      0      0      0      0
      0      0      0      0      0      0      0      0      0      0
      0      0      0      0      0      0      0      0      0      0
      0      0      0      0      0      0      0      0      0      0
      0      0      0      0      0      0      0      0      0      0
      0      0      0      0      0      0      0      0      0      0
      0      0      0      0      0      0      0      0      0      0
      0      0      0      0      0      0      0      0      0      0
      0      0      0      0      0      0      0      0      0      0
      0      0      0      0      0      0      0      0      0      0
      0      0      0      0      0      0      0      0      0      0
      0      0      0      0      0      0      0      0      0      0
      0      0      0      0      0      0      0      0      0      0
      0      0      0      0      0      0      0      0      0      0
      0      0      0      0      0      0      0      0      0      0
      0      0      0      0      0      0      0      0      0      0
      0      0      0      0      0      0      0      0      0      0
      0      0      0      0      0      0      0      0      0      0
      0      0      0      0      0      0      0      0      0      0
      0      0      0      0      0      0      0      0      0      0
      0      0      0      0      0      0      0      0      0      0
      0      0      0      0      0      0      0      0      0      0
      0      0      0      0      0      0      0      0      0      0
      0      0      0      0      0      0      0      0      0      0
      0      0      0      0      0      0      0      0      0      0
      0      0      0      0      0      0      0      0      0      0
      0      0      0      0      0      0      0      0      0      0
      0      0      0      0      0      0      0      0      0      0
      0      0      0      0      0      0      0      0      0      0
      0      0      0      0      0      0      0      0      0      0
      0      0      0      0      0      0      0      0      0      0
      0      0      0      0      0      0      0      0      0      0
      0      0      0      0      0      0      0      0      0      0
      0      0      0      0      0      0      0      0      0      0
      0      0      0      0      0      0      0      0      0      0
      0      0      0      0      0      0      0      0      0      0
      0      0      0      0      0      0      0      0      0      0
      0      0      0      0      0      0      0      0      0      0
      0      0      0      0      0      0      0      0      0      0
      0      0      0      0      0      0      0      0      0      0
      0      0      0      0      0      0      0      0      0      0
      0      0      0      0      0      0      0      0      0      0
      0      0      0      0      0      0      0      0      0      0
      0      0      0      0      0      0      0      0      0      0
      0      0      0      0      0      0      0      0      0      0
      0      0      0      0      0      0      0      0      0      0
      0      0      0      0      0      0      0      0      0      0
      0      0      0      0      0      0      0      0      0      0
      0      0      0      0      0      0      0      0      0      0
      0      0      0      0      0      0      0      0      0      0
      0      0      0      0      0      0      0      0      0      0
      0      0      0      0      0      0      0      0      0      0
      0      0      0      0      0      0      0      0      0      0
      0      0      0      0      0      0      0      0      0      0
      0      0      0      0      0      0      0      0      0      0
      0      0      0      0      0      0      0      0      0      0
      0      0      0      0      0      0      0      0      0      0
      0      0      0      0      0      0      0      0      0      0
      0      0      0      0      0      0      0      0      0      0
      0      0      0      0      0      0      0      0      0      0
      0      0      0      0      0      0      0      0      0      0
      0      0      0      0      0      0      0      0      0      0
      0      0      0      0      0      0      0      0      0      0
      0      0      0      0      0      0      0      0      0      0
      0      0      0      0      0      0      0      0      0      0
      0      0      0      0      0      0      0      0      0      0
      0      0      0      0      0      0      0      0      0      0
      0      0      0      0      0      0      0      0      0      0
      0      0      0      0      0      0      0      0      0      0
      0      0      0      0      0      0      0      0      0      0
      0      0      0      0      0      0      0      0      0      0
      0      0      0      0      0      0      0      0      0      0
      0      0      0      0      0      0      0      0      0      0
      0      0      0      0      0      0      0      0      0      0
      0      0      0      0      0      0      0      0      0      0
      0      0      0      0      0      0      0      0      0      0
      0      0      0      0      0      0      0      0      0      0
      0      0      0      0      0      0      0      0      0      0
      0      0      0      0      0      0      0      0      0      0
      0      0      0      0      0      0      0      0      0      0
      0      0      0      0      0      0      0      0      0      0
      0      0      0      0      0      0      0      0      0      0
      0      0      0      0      0      0      0      0      0      0
      0      0      0      0      0      0      0      0      0      0
      0      0      0      0      0      0      0      0      0      0
      0      0      0      0      0      0      0      0      0      0
      0      0      0      0      0      0      0      0      0      0
      0      0      0      0      0      0      0      0      0      0
      0      0      0      0      0      0      0      0      0      0
      0      0      0      0      0      0      0      0      0      0
      0      0      0      0      0      0      0      0      0      0
      0      0      0      0      0      0      0      0      0      0
      0      0      0      0      0      0      0      0      0      0
      0      0      0      0      0      0      0      0      0      0
      0      0      0      0      0      0      0      0      0      0
      0      0      0      0      0      0      0      0      0      0
      0      0      0      0      0      0      0      0      0      0
      0      0      0      0      0      0      0      0      0      0
      0      0      0      0      0      0      0      0      0      0
      0      0      0      0      0      0      0      0      0      0
      0      0      0      0      0      0      0      0      0      0
      0      0      0      0      0      0      0      0      0      0
      0      0      0      0      0      0      0      0      0      0
      0      0      0      0      0      0      0      0      0      0
      0      0      0      0      0      0      0      0      0      0
      0      0      0      0      0      0      0      0      0      0
      0      0      0      0      0      0      0      0      0      0
      0      0      0      0      0      0      0      0      0      0
      0      0      0      0      0      0      0      0      0      0
      0      0      0      0      0      0      0      0      0      0
      0      0      0      0      0      0      0      0      0      0
      0      0      0      0      0      0      0      0      0      0
      0      0      0      0      0      0      0      0      0      0
      0      0      0      0      0      0      0      0      0      0
      0      0      0      0      0      0      0      0      0      0
      0      0      0      0      0      0      0      0      0      0
      0      0      0      0      0      0      0      0      0      0
      0      0      0      0      0      0      0      0      0      0
      0      0      0      0      0      0      0      0      0      0
      0      0      0      0      0      0      0      0      0      0
      0      0      0      0      0      0      0      0      0      0
      0      0      0      0      0      0      0      0      0      0
      0      0      0      0      0      0      0      0      0      0
      0      0      0      0      0      0      0      0      0      0
      0      0      0      0      0      0      0      0      0      0
      0      0      0      0      0      0      0      0      0      0
      0      0      0      0      0      0      0      0      0      0
      0      0      0      0      0      0      0      0      0      0
      0      0      0      0      0      0      0      0      0      0
      0      0      0      0      0      0      0      0      0      0
      0      0      0      0      0      0      0      0      0      0
      0      0      0      0      0      0      0      0      0      0
      0      0      0      0      0      0      0      0      0      0
      0      0      0      0      0      0      0      0      0      0
      0      0      0      0      0      0      0      0      0      0
      0      0      0      0      0      0      0      0      0      0
      0      0      0      0      0      0      0      0      0      0
      0      0      0      0      0      0      0      0      0      0
      0      0      0      0      0      0      0      0      0      0
      0      0      0      0      0      0      0      0      0      0
      0      0      0      0      0      0      0      0      0      0
      0      0      0      0      0      0      0      0      0      0
      0      0      0      0      0      0      0      0      0      0
      0      0      0      0      0      0      0      0      0      0
      0      0      0      0      0      0      0      0      0      0
      0      0      0      0      0      0      0      0      0      0
      0      0      0      0      0      0      0      0      0      0
      0      0      0      0      0      0      0      0      0      0
      0      0      0      0      0      0      0      0      0      0
      0      0      0      0      0      0      0      0      0      0
      0      0      0      0      0      0      0      0      0      0
      0      0      0      0      0      0      0      0      0      0
      0      0      0      0      0      0      0      0      0      0
      0      0      0      0      0      0      0      0      0      0
      0      0      0      0      0      0      0      0      0      0
      0      0      0      0      0      0      0      0      0      0
      0      0      0      0      0      0      0      0      0      0
      0      0      0      0      0      0      0      0      0      0
      0      0      0      0      0      0      0      0      0      0
      0      0      0      0      0      0      0      0      0      0
      0      0      0      0      0      0      0      0      0      0
      0      0      0      0      0      0      0      0      0      0
      0      0      0      0      0      0      0      0      0      0
      0      0      0      0      0      0      0      0      0      0
      0      0      0      0      0      0      0      0      0      0
      0      0      0      0      0      0      0      0      0      0
      0      0      0      0      0      0      0      0      0      0
      0      0      0      0      0      0      0      0      0      0
      0      0      0      0      0      0      0      0      0      0
      0      0      0      0      0      0      0      0      0      0
      0      0      0      0      0      0      0      0      0      0
      0      0      0      0      0      0      0      0      0      0
      0      0      0      0      0      0      0      0      0      0
      0      0      0      0      0      0      0      0      0      0
      0      0      0      0      0      0      0      0      0      0
      0      0      0      0      0      0      0      0      0      0
      0      0      0      0      0      0      0      0      0      0
      0      0      0      0      0      0      0      0      0      0
      0      0      0      0      0      0      0      0      0      0
      0      0      0      0      0      0      0      0      0      0
      0      0      0      0      0      0      0      0      0      0
      0      0      0      0      0      0      0      0      0      0
      0      0      0      0      0      0      0      0      0      0
      0      0      0      0      0      0      0      0      0      0
      0      0      0      0      0      0      0      0      0      0
      0      0      0      0      0      0      0      0      0      0
      0      0      0      0      0      0      0      0      0      0
      0      0      0      0      0      0      0      0      0      0
      0      0      0      0      0      0      0      0      0      0
      0      0      0      0      0      0      0      0      0      0
      0      0      0      0      0      0      0      0      0      0
      0      0      0      0      0      0      0      0      0      0
      0      0      0      0      0      0      0      0      0      0
      0      0      0      0      0      0      0      0      0      0
      0      0      0      0      0      0      0      0      0      0
      0      0      0      0      0      0      0      0      0      0
      0      0      0      0      0      0      0      0      0      0
      0      0      0      0      0      0      0      0      0      0
      0      0      0      0      0      0      0      0      0      0
      0      0      0      0      0      0      0      0      0      0
      0      0      0      0      0      0      0      0      0      0
      0      0      0      0      0      0      0      0      0      0
      0      0      0      0      0      0      0      0      0      0
      0      0      0      0      0      0      0      0      0      0
      0      0      0      0      0      0      0      0      0      0
      0      0      0      0      0      0      0      0      0      0
      0      0      0      0      0      0      0      0      0      0
      0      0      0      0      0      0      0      0      0      0
      0      0      0      0      0      0      0      0      0      0
      0      0      0      0      0      0      0      0      0      0
      0      0      0      0      0      0      0      0      0      0
      0      0      0      0      0      0      0      0      0      0
      0      0      0      0      0      0      0      0      0      0
      0      0      0      0      0      0      0      0      0      0
      0      0      0      0      0      0      0      0      0      0
      0      0      0      0      0      0      0      0      0      0
      0      0      0      0      0      0      0      0      0      0
      0      0      0      0      0      0      0      0      0      0
      0      0      0      0      0      0      0      0      0      0
      0      0      0      0      0      0      0      0      0      0
      0      0      0      0      0      0      0      0      0      0
      0      0      0      0      0      0      0      0      0      0
      0      0      0      0      0      0      0      0      0      0
      0      0      0      0      0      0      0      0      0      0
      0      0      0      0      0      0      0      0      0      0
      0      0      0      0      0      0      0      0      0      0
      0      0      0      0      0      0      0      0      0      0
      0      0      0      0      0      0      0      0      0      0
      0      0      0      0      0      0      0      0      0      0
      0      0      0      0      0      0      0      0      0      0
      0      0      0      0      0      0      0      0      0      0
      0      0      0      0      0      0      0      0      0      0
      0      0      0      0      0      0      0      0      0      0
      0      0      0      0      0      0      0      0      0      0
      0      0      0      0      0      0      0      0      0      0
      0      0      0      0      0      0      0      0      0      0
      0      0      0      0      0      0      0      0      0      0
      0      0      0      0      0      0      0      0      0      0
      0      0      0      0      0      0      0      0      0      0
      0      0      0      0      0      0      0      0      0      0
      0      0      0      0      0      0      0      0      0      0
      0      0      0      0      0      0      0      0      0      0
      0      0      0      0      0      0      0      0      0      0
      0      0      0      0      0      0      0      0      0      0
      0      0      0      0      0      0      0      0      0      0
      0      0      0      0      0      0      0      0      0      0
      0      0      0      0      0      0      0      0      0      0
      0      0      0      0      0      0      0      0      0      0
      0      0      0      0      0      0      0      0      0      0
      0      0      0      0      0      0      0      0      0      0
      0      0      0      0      0      0      0      0      0      0
      0      0      0      0      0      0      0      0      0      0
      0      0      0      0      0      0      0      0      0      0
      0      0      0      0      0      0      0      0      0      0
      0      0      0      0      0      0      0      0      0      0
      0      0      0      0      0      0      0      0      0      0
      0      0      0      0      0      0      0      0      0      0
      0      0      0      0      0      0      0      0      0      0
      0      0      0      0      0      0      0      0      0      0
      0      0      0      0      0      0      0      0      0      0
      0      0      0      0      0      0      0      0      0      0
      0      0      0      0      0      0      0      0      0      0
      0      0      0      0      0      0      0      0      0      0
      0      0      0      0      0      0      0      0      0      0
      0      0      0      0      0      0      0      0      0      0
      0      0      0      0      0      0      0      0      0      0
      0      0      0      0      0      0      0      0      0      0
      0      0      0      0      0      0      0      0      0      0
      0      0      0      0      0      0      0      0      0      0
      0      0      0      0      0      0      0      0      0      0
      0      0      0      0      0      0      0      0      0      0
      0      0      0      0      0      0      0      0      0      0
      0      0      0      0      0      0      0      0      0      0
      0      0      0      0      0      0      0      0      0      0
      0      0      0      0      0      0      0      0      0      0
      0      0      0      0      0      0      0      0      0      0
      0      0      0      0      0      0      0      0      0      0
      0      0      0      0      0      0      0      0      0      0
      0      0      0      0      0      0      0      0      0      0
      0      0      0      0      0      0      0      0      0      0
      0      0      0      0      0      0      0      0      0      0
      0      0      0      0      0      0      0      0      0      0
      0      0      0      0      0      0      0      0      0      0
      0      0      0      0      0      0      0      0      0      0
      0      0      0      0      0      0      0      0      0      0
      0      0      0      0      0      0      0      0      0      0
      0      0      0      0      0      0      0      0      0      0
      0      0      0      0      0      0      0      0      0      0
      0      0      0      0      0      0      0      0      0      0
      0      0      0      0      0      0      0      0      0      0
      0      0      0      0      0      0      0      0      0      0
      0      0      0      0      0      0      0      0      0      0
      0      0      0      0      0      0      0      0      0      0
      0      0      0      0      0      0      0      0      0      0
      0      0      0      0      0      0      0      0      0      0
      0      0      0      0      0      0      0      0      0      0
      0      0      0      0      0      0      0      0      0      0
      0      0      0      0      0      0      0      0      0      0
      0      0      0      0      0      0      0      0      0      0
      0      0      0      0      0      0      0      0      0      0
      0      0      0      0      0      0      0      0      0      0
      0      0      0      0      0      0      0      0      0      0
      0      0      0      0      0      0      0      0      0      0
      0      0      0      0      0      0      0      0      0      0
      0      0      0      0      0      0      0      0      0      0
      0      0      0      0      0      0      0      0      0      0
      0      0      0      0      0      0      0      0      0      0
      0      0      0      0      0      0      0      0      0      0
      0      0      0      0      0      0      0      0      0      0
      0      0      0      0      0      0      0      0      0      0
      0      0      0      0      0      0      0      0      0      0
      0      0      0      0      0      0      0      0      0      0
      0      0      0      0      0      0      0      0      0      0
      0      0      0      0      0      0      0      0      0      0
      0      0      0      0      0      0      0      0      0      0
      0      0      0      0      0      0      0      0      0      0
      0      0      0      0      0      0      0      0      0      0
      0      0      0      0      0      0      0      0      0      0
      0      0      0      0      0      0      0      0      0      0
      0      0      0      0      0      0      0      0      0      0
      0      0      0      0      0      0      0      0      0      0
      0      0      0      0      0      0      0      0      0      0
      0      0      0      0      0      0      0      0      0      0
      0      0      0      0      0      0      0      0      0      0
      0      0      0      0      0      0      0      0      0      0
      0      0      0      0      0      0      0      0      0      0
      0      0      0      0      0      0      0      0      0      0
      0      0      0      0      0      0      0      0      0      0
      0      0      0      0      0      0      0      0      0      0
      0      0      0      0      0      0      0      0      0      0
      0      0      0      0      0      0      0      0      0      0
      0      0      0      0      0      0      0      0      0      0
      0      0      0      0      0      0      0      0      0      0
      0      0      0      0      0      0      0      0      0      0
      0      0      0      0      0      0      0      0      0      0
      0      0      0      0      0      0      0      0      0      0
      0      0      0      0      0      0      0      0      0      0
      0      0      0      0      0      0      0      0      0      0
      0      0      0      0      0      0      0      0      0      0
      0      0      0      0      0      0      0      0      0      0
      0      0      0      0      0      0      0      0      0      0
      0      0      0      0      0      0      0      0      0      0
      0      0      0      0      0      0      0      0      0      0
      0      0      0      0      0      0      0      0      0      0
      0      0      0      0      0      0      0      0      0      0
      0      0      0      0      0      0      0      0      0      0
      0      0      0      0      0      0      0      0      0      0
      0      0      0      0      0      0      0      0      0      0
      0      0      0      0      0      0      0      0      0      0
      0      0      0      0      0      0      0      0      0      0
      0      0      0      0      0      0      0      0      0      0
      0      0      0      0      0      0      0      0      0      0
      0      0      0      0      0      0      0      0      0      0
      0      0      0      0      0      0      0      0      0      0
      0      0      0      0      0      0      0      0      0      0
      0      0      0      0      0      0      0      0      0      0
      0      0      0      0      0      0      0      0      0      0
      0      0      0      0      0      0      0      0      0      0
      0      0      0      0      0      0      0      0      0      0
      0      0      0      0      0      0      0      0      0      0
      0      0      0      0      0      0      0      0      0      0
      0      0      0      0      0      0      0      0      0      0
      0      0      0      0      0      0      0      0      0      0
      0      0      0      0      0      0      0      0      0      0
      0      0      0      0      0      0      0      0      0      0
      0      0      0      0      0      0      0      0      0      0
      0      0      0      0      0      0      0      0      0      0
      0      0      0      0      0      0      0      0      0      0
      0      0      0      0      0      0      0      0      0      0
      0      0      0      0      0      0      0      0      0      0
      0      0      0      0      0      0      0      0      0      0
      0      0      0      0      0      0      0      0      0      0
      0      0      0      0      0      0      0      0      0      0
      0      0      0      0      0      0      0      0      0      0
      0      0      0      0      0      0      0      0      0      0
      0      0      0      0      0      0      0      0      0      0
      0      0      0      0      0      0      0      0      0      0
      0      0      0      0      0      0      0      0      0      0
      0      0      0      0      0      0      0      0      0      0
      0      0      0      0      0      0      0      0      0      0
      0      0      0      0      0      0      0      0      0      0
      0      0      0      0      0      0      0      0      0      0
      0      0      0      0      0      0      0      0      0      0
      0      0      0      0      0      0      0      0      0      0
      0      0      0      0      0      0      0      0      0      0
      0      0      0      0      0      0      0      0      0      0
      0      0      0      0      0      0      0      0      0      0
      0      0      0      0      0      0      0      0      0      0
      0      0      0      0      0      0      0      0      0      0
      0      0      0      0      0      0      0      0      0      0
      0      0      0      0      0      0      0      0      0      0
      0      0      0      0      0      0      0      0      0      0
      0      0      0      0      0      0      0      0      0      0
      0      0      0      0      0      0      0      0      0      0
      0      0      0      0      0      0      0      0      0      0
      0      0      0      0      0      0      0      0      0      0
      0      0      0      0      0      0      0      0      0      0
      0      0      0      0      0      0      0      0      0      0
      0      0      0      0      0      0      0      0      0      0
      0      0      0      0      0      0      0      0      0      0
      0      0      0      0      0      0      0      0      0      0
      0      0      0      0      0      0      0      0      0      0
      0      0      0      0      0      0      0      0      0      0
      0      0      0      0      0      0      0      0      0      0
      0      0      0      0      0      0      0      0      0      0
      0      0      0      0      0      0      0      0      0      0
      0      0      0      0      0      0      0      0      0      0
      0      0      0      0      0      0      0      0      0      0
      0      0      0      0      0      0      0      0      0      0
      0      0      0      0      0      0      0      0      0      0
      0      0      0      0      0      0      0      0      0      0
      0      0      0      0      0      0      0      0      0      0
      0      0      0      0      0      0      0      0      0      0
      0      0      0      0      0      0      0      0      0      0
      0      0      0      0      0      0      0      0      0      0
      0      0      0      0      0      0      0      0      0      0
      0      0      0      0      0      0      0      0      0      0
      0      0      0      0      0      0      0      0      0      0
      0      0      0      0      0      0      0      0      0      0
      0      0      0      0      0      0      0      0      0      0
      0      0      0      0      0      0      0      0      0      0
      0      0      0      0      0      0      0      0      0      0
      0      0      0      0      0      0      0      0      0      0
      0      0      0      0      0      0      0      0      0      0
      0      0      0      0      0      0      0      0      0      0
      0      0      0      0      0      0      0      0      0      0
      0      0      0      0      0      0      0      0      0      0
      0      0      0      0      0      0      0      0      0      0
      0      0      0      0      0      0      0      0      0      0
      0      0      0      0      0      0      0      0      0      0
      0      0      0      0      0      0      0      0      0      0
      0      0      0      0      0      0      0      0      0      0
      0      0      0      0      0      0      0      0      0      0
      0      0      0      0      0      0      0      0      0      0
      0      0      0      0      0      0      0      0      0      0
      0      0      0      0      0      0      0      0      0      0
      0      0      0      0      0      0      0      0      0      0
      0      0      0      0      0      0      0      0      0      0
      0      0      0      0      0      0      0      0      0      0
      0      0      0      0      0      0      0      0      0      0
      0      0      0      0      0      0      0      0      0      0
      0      0      0      0      0      0      0      0      0      0
      0      0      0      0      0      0      0      0      0      0
      0      0      0      0      0      0      0      0      0      0
      0      0      0      0      0      0      0      0      0      0
      0      0      0      0      0      0      0      0      0      0
      0      0      0      0      0      0      0      0      0      0
      0      0      0      0      0      0      0      0      0      0
      0      0      0      0      0      0      0      0      0      0
      0      0      0      0      0      0      0      0      0      0
      0      0      0      0      0      0      0      0      0      0
      0      0      0      0      0      0      0      0      0      0
      0      0      0      0      0      0      0      0      0      0
      0      0      0      0      0      0      0      0      0      0
      0      0      0      0      0      0      0      0      0      0
      0      0      0      0      0      0      0      0      0      0
      0      0      0      0      0      0      0      0      0      0
      0      0      0      0      0      0      0      0      0      0
      0      0      0      0      0      0      0      0      0      0
      0      0      0      0      0      0      0      0      0      0
      0      0      0      0      0      0      0      0      0      0
      0      0      0      0      0      0      0      0      0      0
      0      0      0      0      0      0      0      0      0      0
      0      0      0      0      0      0      0      0      0      0
      0      0      0      0      0      0      0      0      0      0
      0      0      0      0      0      0      0      0      0      0
      0      0      0      0      0      0      0      0      0      0
      0      0      0      0      0      0      0      0      0      0
      0      0      0      0      0      0      0      0      0      0
      0      0      0      0      0      0      0      0      0      0
      0      0      0      0      0      0      0      0      0      0
      0      0      0      0      0      0      0      0      0      0
      0      0      0      0      0      0      0      0      0      0
      0      0      0      0      0      0      0      0      0      0
      0      0      0      0      0      0      0      0      0      0
      0      0      0      0      0      0      0      0      0      0
      0      0      0      0      0      0      0      0      0      0
      0      0      0      0      0      0      0      0      0      0
      0      0      0      0      0      0      0      0      0      0
      0      0      0      0      0      0      0      0      0      0
      0      0      0      0      0      0      0      0      0      0
      0      0      0      0      0      0      0      0      0      0
      0      0      0      0      0      0      0      0      0      0
      0      0      0      0      0      0      0      0      0      0
      0      0      0      0      0      0      0      0      0      0
      0      0      0      0      0      0      0      0      0      0
      0      0      0      0      0      0      0      0      0      0
      0      0      0      0      0      0      0      0      0      0
      0      0      0      0      0      0      0      0      0      0
      0      0      0      0      0      0      0      0      0      0
      0      0      0      0      0      0      0      0      0      0
      0      0      0      0      0      0      0      0      0      0
      0      0      0      0      0      0      0      0      0      0
      0      0      0      0      0      0      0      0      0      0
      0      0      0      0      0      0      0      0      0      0
      0      0      0      0      0      0      0      0      0      0
      0      0      0      0      0      0      0      0      0      0
      0      0      0      0      0      0      0      0      0      0
      0      0      0      0      0      0      0      0      0      0
      0      0      0      0      0      0      0      0      0      0
      0      0      0      0      0      0      0      0      0      0
      0      0      0      0      0      0      0      0      0      0
      0      0      0      0      0      0      0      0      0      0
      0      0      0      0      0      0      0      0      0      0
      0      0      0      0      0      0      0      0      0      0
      0      0      0      0      0      0      0      0      0      0
      0      0      0      0      0      0      0      0      0      0
      0      0      0      0      0      0      0      0      0      0
      0      0      0      0      0      0      0      0      0      0
      0      0      0      0      0      0      0      0      0      0
      0      0      0      0      0      0      0      0      0      0
      0      0      0      0      0      0      0      0      0      0
      0      0      0      0      0      0      0      0      0      0
      0      0      0      0      0      0      0      0      0      0
      0      0      0      0      0      0      0      0      0      0
      0      0      0      0      0      0      0      0      0      0
      0      0      0      0      0      0      0      0      0      0
      0      0      0      0      0      0      0      0      0      0
      0      0      0      0      0      0      0      0      0      0
      0      0      0      0      0      0      0      0      0      0
      0      0      0      0      0      0      0      0      0      0
      0      0      0      0      0      0      0      0      0      0
      0      0      0      0      0      0      0      0      0      0
      0      0      0      0      0      0      0      0      0      0
      0      0      0      0      0      0      0      0      0      0
      0      0      0      0      0      0      0      0      0      0
      0      0      0      0      0      0      0      0      0      0
      0      0      0      0      0      0      0      0      0      0
      0      0      0      0      0      0      0      0      0      0
      0      0      0      0      0      0      0      0      0      0
      0      0      0      0      0      0      0      0      0      0
      0      0      0      0      0      0      0      0      0      0
      0      0      0      0      0      0      0      0      0      0
      0      0      0      0      0      0      0      0      0      0
      0      0      0      0      0      0      0      0      0      0
      0      0      0      0      0      0      0      0      0      0
      0      0      0      0      0      0      0      0      0      0
      0      0      0      0      0      0      0      0      0      0
      0      0      0      0      0      0      0      0      0      0
      0      0      0      0      0      0      0      0      0      0
      0      0      0      0      0      0      0      0      0      0
      0      0      0      0      0      0      0      0      0      0
      0      0      0      0      0      0      0      0      0      0
      0      0      0      0      0      0      0      0      0      0
      0      0      0      0      0      0      0      0      0      0
      0      0      0      0      0      0      0      0      0      0
      0      0      0      0      0      0      0      0      0      0
      0      0      0      0      0      0      0      0      0      0
      0      0      0      0      0      0      0      0      0      0
      0      0      0      0      0      0      0      0      0      0
      0      0      0      0      0      0      0      0      0      0
      0      0      0      0      0      0      0      0      0      0
      0      0      0      0      0      0      0      0      0      0
      0      0      0      0      0      0      0      0      0      0
      0      0      0      0      0      0      0      0      0      0
      0      0      0      0      0      0      0      0      0      0
      0      0      0      0      0      0      0      0      0      0
      0      0      0      0      0      0      0      0      0      0
      0      0      0      0      0      0      0      0      0      0
      0      0      0      0      0      0      0      0      0      0
      0      0      0      0      0      0      0      0      0      0
      0      0      0      0      0      0      0      0      0      0
      0      0      0      0      0      0      0      0      0      0
      0      0      0      0      0      0      0      0      0      0
      0      0      0      0      0      0      0      0      0      0
      0      0      0      0      0      0      0      0      0      0
      0      0      0      0      0      0      0      0      0      0
      0      0      0      0      0      0      0      0      0      0
      0      0      0      0      0      0      0      0      0      0
      0      0      0      0      0      0      0      0      0      0
      0      0      0      0      0      0      0      0      0      0
      0      0      0      0      0      0      0      0      0      0
      0      0      0      0      0      0      0      0      0      0
      0      0      0      0      0      0      0      0      0      0
      0      0      0      0      0      0      0      0      0      0
      0      0      0      0      0      0      0      0      0      0
      0      0      0      0      0      0      0      0      0      0
      0      0      0      0      0      0      0      0      0      0
      0      0      0      0      0      0      0      0      0      0
      0      0      0      0      0      0      0      0      0      0
      0      0      0      0      0      0      0      0      0      0
      0      0      0      0      0      0      0      0      0      0
      0      0      0      0      0      0      0      0      0      0
      0      0      0      0      0      0      0      0      0      0
      0      0      0      0      0      0      0      0      0      0
      0      0      0      0      0      0      0      0      0      0
      0      0      0      0      0      0      0      0      0      0
      0      0      0      0      0      0      0      0      0      0
      0      0      0      0      0      0      0      0      0      0
      0      0      0      0      0      0      0      0      0      0
      0      0      0      0      0      0      0      0      0      0
      0      0      0      0      0      0      0      0      0      0
      0      0      0      0      0      0      0      0      0      0
      0      0      0      0      0      0      0      0      0      0
      0      0      0      0      0      0      0      0      0      0
      0      0      0      0      0      0      0      0      0      0
      0      0      0      0      0      0      0      0      0      0
      0      0      0      0      0      0      0      0      0      0
      0      0      0      0      0      0      0      0      0      0
      0      0      0      0      0      0      0      0      0      0
      0      0      0      0      0      0      0      0      0      0
      0      0      0      0      0      0      0      0      0      0
      0      0      0      0      0      0      0      0      0      0
      0      0      0      0      0      0      0      0      0      0
      0      0      0      0      0      0      0      0      0      0
      0      0      0      0      0      0      0      0      0      0
      0      0      0      0      0      0      0      0      0      0
      0      0      0      0      0      0      0      0      0      0
      0      0      0      0      0      0      0      0      0      0
      0      0      0      0      0      0      0      0      0      0
      0      0      0      0      0      0      0      0      0      0
      0      0      0      0      0      0      0      0      0      0
      0      0      0      0      0      0      0      0      0      0
      0      0      0      0      0      0      0      0      0      0
      0      0      0      0      0      0      0      0      0      0
      0      0      0      0      0      0      0      0      0      0
      0      0      0      0      0      0      0      0      0      0
      0      0      0      0      0      0      0      0      0      0
      0      0      0      0      0      0      0      0      0      0
      0      0      0      0      0      0      0      0      0      0
      0      0      0      0      0      0      0      0      0      0
      0      0      0      0      0      0      0      0      0      0
      0      0      0      0      0      0      0      0      0      0
      0      0      0      0      0      0      0      0      0      0
      0      0      0      0      0      0      0      0      0      0
      0      0      0